<?xml version="1.0" encoding="ISO-8859-1" ?> 
<!DOCTYPE tiles-definitions PUBLIC  
       "-//Apache Software Foundation//DTD Tiles Configuration 3.0//EN"  
       "http://tiles.apache.org/dtds/tiles-config_3_0.dtd"> 
       
<tiles-definitions>
	<definition name="listeCourses" template="/vues/page.jsp">
		<put-attribute name="principal"  value="/vues/listeCourses.jsp" />
	</definition>

	<definition name="creation" template="/vues/page.jsp">
		<put-attribute name="principal"  value="/vues/creation.jsp" />
	</definition>

	<definition name="suppression" template="/vues/page.jsp">
		<put-attribute name="principal"  value="/vues/suppression.jsp" />
	</definition>

	<definition name="modification" template="/vues/page.jsp">
		<put-attribute name="principal"  value="/vues/modification.jsp" />
	</definition>
</tiles-definitions>